County,FIPS,Tax rate
01001,1,0.0922
01003,1,0.0922
01005,1,0.0922
01007,1,0.0922
01009,1,0.0922
01011,1,0.0922
01013,1,0.0922
01015,1,0.0922
01017,1,0.0922
01019,1,0.0922
01021,1,0.0922
01023,1,0.0922
01025,1,0.0922
01027,1,0.0922
01029,1,0.0922
01031,1,0.0922
01033,1,0.0922
01035,1,0.0922
01037,1,0.0922
01039,1,0.0922
01041,1,0.0922
01043,1,0.0922
01045,1,0.0922
01047,1,0.0922
01049,1,0.0922
01051,1,0.0922
01053,1,0.0922
01055,1,0.0922
01057,1,0.0922
01059,1,0.0922
01061,1,0.0922
01063,1,0.0922
01065,1,0.0922
01067,1,0.0922
01069,1,0.0922
01071,1,0.0922
01073,1,0.0922
01075,1,0.0922
01077,1,0.0922
01079,1,0.0922
01081,1,0.0922
01083,1,0.0922
01085,1,0.0922
01087,1,0.0922
01089,1,0.0922
01091,1,0.0922
01093,1,0.0922
01095,1,0.0922
01097,1,0.0922
01099,1,0.0922
01101,1,0.0922
01103,1,0.0922
01105,1,0.0922
01107,1,0.0922
01109,1,0.0922
01111,1,0.0922
01113,1,0.0922
01115,1,0.0922
01117,1,0.0922
01119,1,0.0922
01121,1,0.0922
01123,1,0.0922
01125,1,0.0922
01127,1,0.0922
01129,1,0.0922
01131,1,0.0922
01133,1,0.0922
02013,2,0.0176
02016,2,0.0176
02020,2,0.0176
02050,2,0.0176
02060,2,0.0176
02068,2,0.0176
02070,2,0.0176
02090,2,0.0176
02100,2,0.0176
02105,2,0.0176
02110,2,0.0176
02122,2,0.0176
02130,2,0.0176
02150,2,0.0176
02164,2,0.0176
02170,2,0.0176
02180,2,0.0176
02185,2,0.0176
02188,2,0.0176
02195,2,0.0176
02198,2,0.0176
02220,2,0.0176
02230,2,0.0176
02240,2,0.0176
02261,2,0.0176
02270,2,0.0176
02275,2,0.0176
02282,2,0.0176
02290,2,0.0176
04001,4,0.0840
04003,4,0.0840
04005,4,0.0840
04007,4,0.0840
04009,4,0.0840
04011,4,0.0840
04012,4,0.0840
04013,4,0.0840
04015,4,0.0840
04017,4,0.0840
04019,4,0.0840
04021,4,0.0840
04023,4,0.0840
04025,4,0.0840
04027,4,0.0840
05001,5,0.0947
05003,5,0.0947
05005,5,0.0947
05007,5,0.0947
05009,5,0.0947
05011,5,0.0947
05013,5,0.0947
05015,5,0.0947
05017,5,0.0947
05019,5,0.0947
05021,5,0.0947
05023,5,0.0947
05025,5,0.0947
05027,5,0.0947
05029,5,0.0947
05031,5,0.0947
05033,5,0.0947
05035,5,0.0947
05037,5,0.0947
05039,5,0.0947
05041,5,0.0947
05043,5,0.0947
05045,5,0.0947
05047,5,0.0947
05049,5,0.0947
05051,5,0.0947
05053,5,0.0947
05055,5,0.0947
05057,5,0.0947
05059,5,0.0947
05061,5,0.0947
05063,5,0.0947
05065,5,0.0947
05067,5,0.0947
05069,5,0.0947
05071,5,0.0947
05073,5,0.0947
05075,5,0.0947
05077,5,0.0947
05079,5,0.0947
05081,5,0.0947
05083,5,0.0947
05085,5,0.0947
05087,5,0.0947
05089,5,0.0947
05091,5,0.0947
05093,5,0.0947
05095,5,0.0947
05097,5,0.0947
05099,5,0.0947
05101,5,0.0947
05103,5,0.0947
05105,5,0.0947
05107,5,0.0947
05109,5,0.0947
05111,5,0.0947
05113,5,0.0947
05115,5,0.0947
05117,5,0.0947
05119,5,0.0947
05121,5,0.0947
05123,5,0.0947
05125,5,0.0947
05127,5,0.0947
05129,5,0.0947
05131,5,0.0947
05133,5,0.0947
05135,5,0.0947
05137,5,0.0947
05139,5,0.0947
05141,5,0.0947
05143,5,0.0947
05145,5,0.0947
05147,5,0.0947
05149,5,0.0947
06001,6,0.0866
06003,6,0.0866
06005,6,0.0866
06007,6,0.0866
06009,6,0.0866
06011,6,0.0866
06013,6,0.0866
06015,6,0.0866
06017,6,0.0866
06019,6,0.0866
06021,6,0.0866
06023,6,0.0866
06025,6,0.0866
06027,6,0.0866
06029,6,0.0866
06031,6,0.0866
06033,6,0.0866
06035,6,0.0866
06037,6,0.0866
06039,6,0.0866
06041,6,0.0866
06043,6,0.0866
06045,6,0.0866
06047,6,0.0866
06049,6,0.0866
06051,6,0.0866
06053,6,0.0866
06055,6,0.0866
06057,6,0.0866
06059,6,0.0866
06061,6,0.0866
06063,6,0.0866
06065,6,0.0866
06067,6,0.0866
06069,6,0.0866
06071,6,0.0866
06073,6,0.0866
06075,6,0.0866
06077,6,0.0866
06079,6,0.0866
06081,6,0.0866
06083,6,0.0866
06085,6,0.0866
06087,6,0.0866
06089,6,0.0866
06091,6,0.0866
06093,6,0.0866
06095,6,0.0866
06097,6,0.0866
06099,6,0.0866
06101,6,0.0866
06103,6,0.0866
06105,6,0.0866
06107,6,0.0866
06109,6,0.0866
06111,6,0.0866
06113,6,0.0866
06115,6,0.0866
08001,8,0.0765
08003,8,0.0765
08005,8,0.0765
08007,8,0.0765
08009,8,0.0765
08011,8,0.0765
08013,8,0.0765
08014,8,0.0765
08015,8,0.0765
08017,8,0.0765
08019,8,0.0765
08021,8,0.0765
08023,8,0.0765
08025,8,0.0765
08027,8,0.0765
08029,8,0.0765
08031,8,0.0765
08033,8,0.0765
08035,8,0.0765
08037,8,0.0765
08039,8,0.0765
08041,8,0.0765
08043,8,0.0765
08045,8,0.0765
08047,8,0.0765
08049,8,0.0765
08051,8,0.0765
08053,8,0.0765
08055,8,0.0765
08057,8,0.0765
08059,8,0.0765
08061,8,0.0765
08063,8,0.0765
08065,8,0.0765
08067,8,0.0765
08069,8,0.0765
08071,8,0.0765
08073,8,0.0765
08075,8,0.0765
08077,8,0.0765
08079,8,0.0765
08081,8,0.0765
08083,8,0.0765
08085,8,0.0765
08087,8,0.0765
08089,8,0.0765
08091,8,0.0765
08093,8,0.0765
08095,8,0.0765
08097,8,0.0765
08099,8,0.0765
08101,8,0.0765
08103,8,0.0765
08105,8,0.0765
08107,8,0.0765
08109,8,0.0765
08111,8,0.0765
08113,8,0.0765
08115,8,0.0765
08117,8,0.0765
08119,8,0.0765
08121,8,0.0765
08123,8,0.0765
08125,8,0.0765
09001,9,0.0635
09003,9,0.0635
09005,9,0.0635
09007,9,0.0635
09009,9,0.0635
09011,9,0.0635
09013,9,0.0635
09015,9,0.0635
10001,10,0.0000
10003,10,0.0000
10005,10,0.0000
11001,11,0.0000
12001,12,0.0705
12003,12,0.0705
12005,12,0.0705
12007,12,0.0705
12009,12,0.0705
12011,12,0.0705
12013,12,0.0705
12015,12,0.0705
12017,12,0.0705
12019,12,0.0705
12021,12,0.0705
12023,12,0.0705
12027,12,0.0705
12029,12,0.0705
12031,12,0.0705
12033,12,0.0705
12035,12,0.0705
12037,12,0.0705
12039,12,0.0705
12041,12,0.0705
12043,12,0.0705
12045,12,0.0705
12047,12,0.0705
12049,12,0.0705
12051,12,0.0705
12053,12,0.0705
12055,12,0.0705
12057,12,0.0705
12059,12,0.0705
12061,12,0.0705
12063,12,0.0705
12065,12,0.0705
12067,12,0.0705
12069,12,0.0705
12071,12,0.0705
12073,12,0.0705
12075,12,0.0705
12077,12,0.0705
12079,12,0.0705
12081,12,0.0705
12083,12,0.0705
12085,12,0.0705
12086,12,0.0705
12087,12,0.0705
12089,12,0.0705
12091,12,0.0705
12093,12,0.0705
12095,12,0.0705
12097,12,0.0705
12099,12,0.0705
12101,12,0.0705
12103,12,0.0705
12105,12,0.0705
12107,12,0.0705
12109,12,0.0705
12111,12,0.0705
12113,12,0.0705
12115,12,0.0705
12117,12,0.0705
12119,12,0.0705
12121,12,0.0705
12123,12,0.0705
12125,12,0.0705
12127,12,0.0705
12129,12,0.0705
12131,12,0.0705
12133,12,0.0705
13001,13,0.0731
13003,13,0.0731
13005,13,0.0731
13007,13,0.0731
13009,13,0.0731
13011,13,0.0731
13013,13,0.0731
13015,13,0.0731
13017,13,0.0731
13019,13,0.0731
13021,13,0.0731
13023,13,0.0731
13025,13,0.0731
13027,13,0.0731
13029,13,0.0731
13031,13,0.0731
13033,13,0.0731
13035,13,0.0731
13037,13,0.0731
13039,13,0.0731
13043,13,0.0731
13045,13,0.0731
13047,13,0.0731
13049,13,0.0731
13051,13,0.0731
13053,13,0.0731
13055,13,0.0731
13057,13,0.0731
13059,13,0.0731
13061,13,0.0731
13063,13,0.0731
13065,13,0.0731
13067,13,0.0731
13069,13,0.0731
13071,13,0.0731
13073,13,0.0731
13075,13,0.0731
13077,13,0.0731
13079,13,0.0731
13081,13,0.0731
13083,13,0.0731
13085,13,0.0731
13087,13,0.0731
13089,13,0.0731
13091,13,0.0731
13093,13,0.0731
13095,13,0.0731
13097,13,0.0731
13099,13,0.0731
13101,13,0.0731
13103,13,0.0731
13105,13,0.0731
13107,13,0.0731
13109,13,0.0731
13111,13,0.0731
13113,13,0.0731
13115,13,0.0731
13117,13,0.0731
13119,13,0.0731
13121,13,0.0731
13123,13,0.0731
13125,13,0.0731
13127,13,0.0731
13129,13,0.0731
13131,13,0.0731
13133,13,0.0731
13135,13,0.0731
13137,13,0.0731
13139,13,0.0731
13141,13,0.0731
13143,13,0.0731
13145,13,0.0731
13147,13,0.0731
13149,13,0.0731
13151,13,0.0731
13153,13,0.0731
13155,13,0.0731
13157,13,0.0731
13159,13,0.0731
13161,13,0.0731
13163,13,0.0731
13165,13,0.0731
13167,13,0.0731
13169,13,0.0731
13171,13,0.0731
13173,13,0.0731
13175,13,0.0731
13177,13,0.0731
13179,13,0.0731
13181,13,0.0731
13183,13,0.0731
13185,13,0.0731
13187,13,0.0731
13189,13,0.0731
13191,13,0.0731
13193,13,0.0731
13195,13,0.0731
13197,13,0.0731
13199,13,0.0731
13201,13,0.0731
13205,13,0.0731
13207,13,0.0731
13209,13,0.0731
13211,13,0.0731
13213,13,0.0731
13215,13,0.0731
13217,13,0.0731
13219,13,0.0731
13221,13,0.0731
13223,13,0.0731
13225,13,0.0731
13227,13,0.0731
13229,13,0.0731
13231,13,0.0731
13233,13,0.0731
13235,13,0.0731
13237,13,0.0731
13239,13,0.0731
13241,13,0.0731
13243,13,0.0731
13245,13,0.0731
13247,13,0.0731
13249,13,0.0731
13251,13,0.0731
13253,13,0.0731
13255,13,0.0731
13257,13,0.0731
13259,13,0.0731
13261,13,0.0731
13263,13,0.0731
13265,13,0.0731
13267,13,0.0731
13269,13,0.0731
13271,13,0.0731
13273,13,0.0731
13275,13,0.0731
13277,13,0.0731
13279,13,0.0731
13281,13,0.0731
13283,13,0.0731
13285,13,0.0731
13287,13,0.0731
13289,13,0.0731
13291,13,0.0731
13293,13,0.0731
13295,13,0.0731
13297,13,0.0731
13299,13,0.0731
13301,13,0.0731
13303,13,0.0731
13305,13,0.0731
13307,13,0.0731
13309,13,0.0731
13311,13,0.0731
13313,13,0.0731
13315,13,0.0731
13317,13,0.0731
13319,13,0.0731
13321,13,0.0731
15001,15,0.0444
15003,15,0.0444
15005,15,0.0444
15007,15,0.0444
15009,15,0.0444
16001,16,0.0603
16003,16,0.0603
16005,16,0.0603
16007,16,0.0603
16009,16,0.0603
16011,16,0.0603
16013,16,0.0603
16015,16,0.0603
16017,16,0.0603
16019,16,0.0603
16021,16,0.0603
16023,16,0.0603
16025,16,0.0603
16027,16,0.0603
16029,16,0.0603
16031,16,0.0603
16033,16,0.0603
16035,16,0.0603
16037,16,0.0603
16039,16,0.0603
16041,16,0.0603
16043,16,0.0603
16045,16,0.0603
16047,16,0.0603
16049,16,0.0603
16051,16,0.0603
16053,16,0.0603
16055,16,0.0603
16057,16,0.0603
16059,16,0.0603
16061,16,0.0603
16063,16,0.0603
16065,16,0.0603
16067,16,0.0603
16069,16,0.0603
16071,16,0.0603
16073,16,0.0603
16075,16,0.0603
16077,16,0.0603
16079,16,0.0603
16081,16,0.0603
16083,16,0.0603
16085,16,0.0603
16087,16,0.0603
17001,17,0.0908
17003,17,0.0908
17005,17,0.0908
17007,17,0.0908
17009,17,0.0908
17011,17,0.0908
17013,17,0.0908
17015,17,0.0908
17017,17,0.0908
17019,17,0.0908
17021,17,0.0908
17023,17,0.0908
17025,17,0.0908
17027,17,0.0908
17029,17,0.0908
17031,17,0.0908
17033,17,0.0908
17035,17,0.0908
17037,17,0.0908
17039,17,0.0908
17041,17,0.0908
17043,17,0.0908
17045,17,0.0908
17047,17,0.0908
17049,17,0.0908
17051,17,0.0908
17053,17,0.0908
17055,17,0.0908
17057,17,0.0908
17059,17,0.0908
17061,17,0.0908
17063,17,0.0908
17065,17,0.0908
17067,17,0.0908
17069,17,0.0908
17071,17,0.0908
17073,17,0.0908
17075,17,0.0908
17077,17,0.0908
17079,17,0.0908
17081,17,0.0908
17083,17,0.0908
17085,17,0.0908
17087,17,0.0908
17089,17,0.0908
17091,17,0.0908
17093,17,0.0908
17095,17,0.0908
17097,17,0.0908
17099,17,0.0908
17101,17,0.0908
17103,17,0.0908
17105,17,0.0908
17107,17,0.0908
17109,17,0.0908
17111,17,0.0908
17113,17,0.0908
17115,17,0.0908
17117,17,0.0908
17119,17,0.0908
17121,17,0.0908
17123,17,0.0908
17125,17,0.0908
17127,17,0.0908
17129,17,0.0908
17131,17,0.0908
17133,17,0.0908
17135,17,0.0908
17137,17,0.0908
17139,17,0.0908
17141,17,0.0908
17143,17,0.0908
17145,17,0.0908
17147,17,0.0908
17149,17,0.0908
17151,17,0.0908
17153,17,0.0908
17155,17,0.0908
17157,17,0.0908
17159,17,0.0908
17161,17,0.0908
17163,17,0.0908
17165,17,0.0908
17167,17,0.0908
17169,17,0.0908
17171,17,0.0908
17173,17,0.0908
17175,17,0.0908
17177,17,0.0908
17179,17,0.0908
17181,17,0.0908
17183,17,0.0908
17185,17,0.0908
17187,17,0.0908
17189,17,0.0908
17191,17,0.0908
17193,17,0.0908
17195,17,0.0908
17197,17,0.0908
17199,17,0.0908
17201,17,0.0908
17203,17,0.0908
18001,18,0.0700
18003,18,0.0700
18005,18,0.0700
18007,18,0.0700
18009,18,0.0700
18011,18,0.0700
18013,18,0.0700
18015,18,0.0700
18017,18,0.0700
18019,18,0.0700
18021,18,0.0700
18023,18,0.0700
18025,18,0.0700
18027,18,0.0700
18029,18,0.0700
18031,18,0.0700
18033,18,0.0700
18035,18,0.0700
18037,18,0.0700
18039,18,0.0700
18041,18,0.0700
18043,18,0.0700
18045,18,0.0700
18047,18,0.0700
18049,18,0.0700
18051,18,0.0700
18053,18,0.0700
18055,18,0.0700
18057,18,0.0700
18059,18,0.0700
18061,18,0.0700
18063,18,0.0700
18065,18,0.0700
18067,18,0.0700
18069,18,0.0700
18071,18,0.0700
18073,18,0.0700
18075,18,0.0700
18077,18,0.0700
18079,18,0.0700
18081,18,0.0700
18083,18,0.0700
18085,18,0.0700
18087,18,0.0700
18089,18,0.0700
18091,18,0.0700
18093,18,0.0700
18095,18,0.0700
18097,18,0.0700
18099,18,0.0700
18101,18,0.0700
18103,18,0.0700
18105,18,0.0700
18107,18,0.0700
18109,18,0.0700
18111,18,0.0700
18113,18,0.0700
18115,18,0.0700
18117,18,0.0700
18119,18,0.0700
18121,18,0.0700
18123,18,0.0700
18125,18,0.0700
18127,18,0.0700
18129,18,0.0700
18131,18,0.0700
18133,18,0.0700
18135,18,0.0700
18137,18,0.0700
18139,18,0.0700
18141,18,0.0700
18143,18,0.0700
18145,18,0.0700
18147,18,0.0700
18149,18,0.0700
18151,18,0.0700
18153,18,0.0700
18155,18,0.0700
18157,18,0.0700
18159,18,0.0700
18161,18,0.0700
18163,18,0.0700
18165,18,0.0700
18167,18,0.0700
18169,18,0.0700
18171,18,0.0700
18173,18,0.0700
18175,18,0.0700
18177,18,0.0700
18179,18,0.0700
18181,18,0.0700
18183,18,0.0700
19001,19,0.0694
19003,19,0.0694
19005,19,0.0694
19007,19,0.0694
19009,19,0.0694
19011,19,0.0694
19013,19,0.0694
19015,19,0.0694
19017,19,0.0694
19019,19,0.0694
19021,19,0.0694
19023,19,0.0694
19025,19,0.0694
19027,19,0.0694
19029,19,0.0694
19031,19,0.0694
19033,19,0.0694
19035,19,0.0694
19037,19,0.0694
19039,19,0.0694
19041,19,0.0694
19043,19,0.0694
19045,19,0.0694
19047,19,0.0694
19049,19,0.0694
19051,19,0.0694
19053,19,0.0694
19055,19,0.0694
19057,19,0.0694
19059,19,0.0694
19061,19,0.0694
19063,19,0.0694
19065,19,0.0694
19067,19,0.0694
19069,19,0.0694
19071,19,0.0694
19073,19,0.0694
19075,19,0.0694
19077,19,0.0694
19079,19,0.0694
19081,19,0.0694
19083,19,0.0694
19085,19,0.0694
19087,19,0.0694
19089,19,0.0694
19091,19,0.0694
19093,19,0.0694
19095,19,0.0694
19097,19,0.0694
19099,19,0.0694
19101,19,0.0694
19103,19,0.0694
19105,19,0.0694
19107,19,0.0694
19109,19,0.0694
19111,19,0.0694
19113,19,0.0694
19115,19,0.0694
19117,19,0.0694
19119,19,0.0694
19121,19,0.0694
19123,19,0.0694
19125,19,0.0694
19127,19,0.0694
19129,19,0.0694
19131,19,0.0694
19133,19,0.0694
19135,19,0.0694
19137,19,0.0694
19139,19,0.0694
19141,19,0.0694
19143,19,0.0694
19145,19,0.0694
19147,19,0.0694
19149,19,0.0694
19151,19,0.0694
19153,19,0.0694
19155,19,0.0694
19157,19,0.0694
19159,19,0.0694
19161,19,0.0694
19163,19,0.0694
19165,19,0.0694
19167,19,0.0694
19169,19,0.0694
19171,19,0.0694
19173,19,0.0694
19175,19,0.0694
19177,19,0.0694
19179,19,0.0694
19181,19,0.0694
19183,19,0.0694
19185,19,0.0694
19187,19,0.0694
19189,19,0.0694
19191,19,0.0694
19193,19,0.0694
19195,19,0.0694
19197,19,0.0694
20001,20,0.0868
20003,20,0.0868
20005,20,0.0868
20007,20,0.0868
20009,20,0.0868
20011,20,0.0868
20013,20,0.0868
20015,20,0.0868
20017,20,0.0868
20019,20,0.0868
20021,20,0.0868
20023,20,0.0868
20025,20,0.0868
20027,20,0.0868
20029,20,0.0868
20031,20,0.0868
20033,20,0.0868
20035,20,0.0868
20037,20,0.0868
20039,20,0.0868
20041,20,0.0868
20043,20,0.0868
20045,20,0.0868
20047,20,0.0868
20049,20,0.0868
20051,20,0.0868
20053,20,0.0868
20055,20,0.0868
20057,20,0.0868
20059,20,0.0868
20061,20,0.0868
20063,20,0.0868
20065,20,0.0868
20067,20,0.0868
20069,20,0.0868
20071,20,0.0868
20073,20,0.0868
20075,20,0.0868
20077,20,0.0868
20079,20,0.0868
20081,20,0.0868
20083,20,0.0868
20085,20,0.0868
20087,20,0.0868
20089,20,0.0868
20091,20,0.0868
20093,20,0.0868
20095,20,0.0868
20097,20,0.0868
20099,20,0.0868
20101,20,0.0868
20103,20,0.0868
20105,20,0.0868
20107,20,0.0868
20109,20,0.0868
20111,20,0.0868
20113,20,0.0868
20115,20,0.0868
20117,20,0.0868
20119,20,0.0868
20121,20,0.0868
20123,20,0.0868
20125,20,0.0868
20127,20,0.0868
20129,20,0.0868
20131,20,0.0868
20133,20,0.0868
20135,20,0.0868
20137,20,0.0868
20139,20,0.0868
20141,20,0.0868
20143,20,0.0868
20145,20,0.0868
20147,20,0.0868
20149,20,0.0868
20151,20,0.0868
20153,20,0.0868
20155,20,0.0868
20157,20,0.0868
20159,20,0.0868
20161,20,0.0868
20163,20,0.0868
20165,20,0.0868
20167,20,0.0868
20169,20,0.0868
20171,20,0.0868
20173,20,0.0868
20175,20,0.0868
20177,20,0.0868
20179,20,0.0868
20181,20,0.0868
20183,20,0.0868
20185,20,0.0868
20187,20,0.0868
20189,20,0.0868
20191,20,0.0868
20193,20,0.0868
20195,20,0.0868
20197,20,0.0868
20199,20,0.0868
20201,20,0.0868
20203,20,0.0868
20205,20,0.0868
20207,20,0.0868
20209,20,0.0868
21001,21,0.0600
21003,21,0.0600
21005,21,0.0600
21007,21,0.0600
21009,21,0.0600
21011,21,0.0600
21013,21,0.0600
21015,21,0.0600
21017,21,0.0600
21019,21,0.0600
21021,21,0.0600
21023,21,0.0600
21025,21,0.0600
21027,21,0.0600
21029,21,0.0600
21031,21,0.0600
21033,21,0.0600
21035,21,0.0600
21037,21,0.0600
21039,21,0.0600
21041,21,0.0600
21043,21,0.0600
21045,21,0.0600
21047,21,0.0600
21049,21,0.0600
21051,21,0.0600
21053,21,0.0600
21055,21,0.0600
21057,21,0.0600
21059,21,0.0600
21061,21,0.0600
21063,21,0.0600
21065,21,0.0600
21067,21,0.0600
21069,21,0.0600
21071,21,0.0600
21073,21,0.0600
21075,21,0.0600
21077,21,0.0600
21079,21,0.0600
21081,21,0.0600
21083,21,0.0600
21085,21,0.0600
21087,21,0.0600
21089,21,0.0600
21091,21,0.0600
21093,21,0.0600
21095,21,0.0600
21097,21,0.0600
21099,21,0.0600
21101,21,0.0600
21103,21,0.0600
21105,21,0.0600
21107,21,0.0600
21109,21,0.0600
21111,21,0.0600
21113,21,0.0600
21115,21,0.0600
21117,21,0.0600
21119,21,0.0600
21121,21,0.0600
21123,21,0.0600
21125,21,0.0600
21127,21,0.0600
21129,21,0.0600
21131,21,0.0600
21133,21,0.0600
21135,21,0.0600
21137,21,0.0600
21139,21,0.0600
21141,21,0.0600
21143,21,0.0600
21145,21,0.0600
21147,21,0.0600
21149,21,0.0600
21151,21,0.0600
21153,21,0.0600
21155,21,0.0600
21157,21,0.0600
21159,21,0.0600
21161,21,0.0600
21163,21,0.0600
21165,21,0.0600
21167,21,0.0600
21169,21,0.0600
21171,21,0.0600
21173,21,0.0600
21175,21,0.0600
21177,21,0.0600
21179,21,0.0600
21181,21,0.0600
21183,21,0.0600
21185,21,0.0600
21187,21,0.0600
21189,21,0.0600
21191,21,0.0600
21193,21,0.0600
21195,21,0.0600
21197,21,0.0600
21199,21,0.0600
21201,21,0.0600
21203,21,0.0600
21205,21,0.0600
21207,21,0.0600
21209,21,0.0600
21211,21,0.0600
21213,21,0.0600
21215,21,0.0600
21217,21,0.0600
21219,21,0.0600
21221,21,0.0600
21223,21,0.0600
21225,21,0.0600
21227,21,0.0600
21229,21,0.0600
21231,21,0.0600
21233,21,0.0600
21235,21,0.0600
21237,21,0.0600
21239,21,0.0600
22001,22,0.0952
22003,22,0.0952
22005,22,0.0952
22007,22,0.0952
22009,22,0.0952
22011,22,0.0952
22013,22,0.0952
22015,22,0.0952
22017,22,0.0952
22019,22,0.0952
22021,22,0.0952
22023,22,0.0952
22025,22,0.0952
22027,22,0.0952
22029,22,0.0952
22031,22,0.0952
22033,22,0.0952
22035,22,0.0952
22037,22,0.0952
22039,22,0.0952
22041,22,0.0952
22043,22,0.0952
22045,22,0.0952
22047,22,0.0952
22049,22,0.0952
22051,22,0.0952
22053,22,0.0952
22055,22,0.0952
22057,22,0.0952
22059,22,0.0952
22061,22,0.0952
22063,22,0.0952
22065,22,0.0952
22067,22,0.0952
22069,22,0.0952
22071,22,0.0952
22073,22,0.0952
22075,22,0.0952
22077,22,0.0952
22079,22,0.0952
22081,22,0.0952
22083,22,0.0952
22085,22,0.0952
22087,22,0.0952
22089,22,0.0952
22091,22,0.0952
22093,22,0.0952
22095,22,0.0952
22097,22,0.0952
22099,22,0.0952
22101,22,0.0952
22103,22,0.0952
22105,22,0.0952
22107,22,0.0952
22109,22,0.0952
22111,22,0.0952
22113,22,0.0952
22115,22,0.0952
22117,22,0.0952
22119,22,0.0952
22121,22,0.0952
22123,22,0.0952
22125,22,0.0952
22127,22,0.0952
23001,23,0.0550
23003,23,0.0550
23005,23,0.0550
23007,23,0.0550
23009,23,0.0550
23011,23,0.0550
23013,23,0.0550
23015,23,0.0550
23017,23,0.0550
23019,23,0.0550
23021,23,0.0550
23023,23,0.0550
23025,23,0.0550
23027,23,0.0550
23029,23,0.0550
23031,23,0.0550
24001,24,0.0600
24003,24,0.0600
24005,24,0.0600
24009,24,0.0600
24011,24,0.0600
24013,24,0.0600
24015,24,0.0600
24017,24,0.0600
24019,24,0.0600
24021,24,0.0600
24023,24,0.0600
24025,24,0.0600
24027,24,0.0600
24029,24,0.0600
24031,24,0.0600
24033,24,0.0600
24035,24,0.0600
24037,24,0.0600
24039,24,0.0600
24041,24,0.0600
24043,24,0.0600
24045,24,0.0600
24047,24,0.0600
24510,24,0.0600
25001,25,0.0625
25003,25,0.0625
25005,25,0.0625
25007,25,0.0625
25009,25,0.0625
25011,25,0.0625
25013,25,0.0625
25015,25,0.0625
25017,25,0.0625
25019,25,0.0625
25021,25,0.0625
25023,25,0.0625
25025,25,0.0625
25027,25,0.0625
26001,26,0.0600
26003,26,0.0600
26005,26,0.0600
26007,26,0.0600
26009,26,0.0600
26011,26,0.0600
26013,26,0.0600
26015,26,0.0600
26017,26,0.0600
26019,26,0.0600
26021,26,0.0600
26023,26,0.0600
26025,26,0.0600
26027,26,0.0600
26029,26,0.0600
26031,26,0.0600
26033,26,0.0600
26035,26,0.0600
26037,26,0.0600
26039,26,0.0600
26041,26,0.0600
26043,26,0.0600
26045,26,0.0600
26047,26,0.0600
26049,26,0.0600
26051,26,0.0600
26053,26,0.0600
26055,26,0.0600
26057,26,0.0600
26059,26,0.0600
26061,26,0.0600
26063,26,0.0600
26065,26,0.0600
26067,26,0.0600
26069,26,0.0600
26071,26,0.0600
26073,26,0.0600
26075,26,0.0600
26077,26,0.0600
26079,26,0.0600
26081,26,0.0600
26083,26,0.0600
26085,26,0.0600
26087,26,0.0600
26089,26,0.0600
26091,26,0.0600
26093,26,0.0600
26095,26,0.0600
26097,26,0.0600
26099,26,0.0600
26101,26,0.0600
26103,26,0.0600
26105,26,0.0600
26107,26,0.0600
26109,26,0.0600
26111,26,0.0600
26113,26,0.0600
26115,26,0.0600
26117,26,0.0600
26119,26,0.0600
26121,26,0.0600
26123,26,0.0600
26125,26,0.0600
26127,26,0.0600
26129,26,0.0600
26131,26,0.0600
26133,26,0.0600
26135,26,0.0600
26137,26,0.0600
26139,26,0.0600
26141,26,0.0600
26143,26,0.0600
26145,26,0.0600
26147,26,0.0600
26149,26,0.0600
26151,26,0.0600
26153,26,0.0600
26155,26,0.0600
26157,26,0.0600
26159,26,0.0600
26161,26,0.0600
26163,26,0.0600
26165,26,0.0600
27001,27,0.0746
27003,27,0.0746
27005,27,0.0746
27007,27,0.0746
27009,27,0.0746
27011,27,0.0746
27013,27,0.0746
27015,27,0.0746
27017,27,0.0746
27019,27,0.0746
27021,27,0.0746
27023,27,0.0746
27025,27,0.0746
27027,27,0.0746
27029,27,0.0746
27031,27,0.0746
27033,27,0.0746
27035,27,0.0746
27037,27,0.0746
27039,27,0.0746
27041,27,0.0746
27043,27,0.0746
27045,27,0.0746
27047,27,0.0746
27049,27,0.0746
27051,27,0.0746
27053,27,0.0746
27055,27,0.0746
27057,27,0.0746
27059,27,0.0746
27061,27,0.0746
27063,27,0.0746
27065,27,0.0746
27067,27,0.0746
27069,27,0.0746
27071,27,0.0746
27073,27,0.0746
27075,27,0.0746
27077,27,0.0746
27079,27,0.0746
27081,27,0.0746
27083,27,0.0746
27085,27,0.0746
27087,27,0.0746
27089,27,0.0746
27091,27,0.0746
27093,27,0.0746
27095,27,0.0746
27097,27,0.0746
27099,27,0.0746
27101,27,0.0746
27103,27,0.0746
27105,27,0.0746
27107,27,0.0746
27109,27,0.0746
27111,27,0.0746
27113,27,0.0746
27115,27,0.0746
27117,27,0.0746
27119,27,0.0746
27121,27,0.0746
27123,27,0.0746
27125,27,0.0746
27127,27,0.0746
27129,27,0.0746
27131,27,0.0746
27133,27,0.0746
27135,27,0.0746
27137,27,0.0746
27139,27,0.0746
27141,27,0.0746
27143,27,0.0746
27145,27,0.0746
27147,27,0.0746
27149,27,0.0746
27151,27,0.0746
27153,27,0.0746
27155,27,0.0746
27157,27,0.0746
27159,27,0.0746
27161,27,0.0746
27163,27,0.0746
27165,27,0.0746
27167,27,0.0746
27169,27,0.0746
27171,27,0.0746
27173,27,0.0746
28001,28,0.0707
28003,28,0.0707
28005,28,0.0707
28007,28,0.0707
28009,28,0.0707
28011,28,0.0707
28013,28,0.0707
28015,28,0.0707
28017,28,0.0707
28019,28,0.0707
28021,28,0.0707
28023,28,0.0707
28025,28,0.0707
28027,28,0.0707
28029,28,0.0707
28031,28,0.0707
28033,28,0.0707
28035,28,0.0707
28037,28,0.0707
28039,28,0.0707
28041,28,0.0707
28043,28,0.0707
28045,28,0.0707
28047,28,0.0707
28049,28,0.0707
28051,28,0.0707
28053,28,0.0707
28055,28,0.0707
28057,28,0.0707
28059,28,0.0707
28061,28,0.0707
28063,28,0.0707
28065,28,0.0707
28067,28,0.0707
28069,28,0.0707
28071,28,0.0707
28073,28,0.0707
28075,28,0.0707
28077,28,0.0707
28079,28,0.0707
28081,28,0.0707
28083,28,0.0707
28085,28,0.0707
28087,28,0.0707
28089,28,0.0707
28091,28,0.0707
28093,28,0.0707
28095,28,0.0707
28097,28,0.0707
28099,28,0.0707
28101,28,0.0707
28103,28,0.0707
28105,28,0.0707
28107,28,0.0707
28109,28,0.0707
28111,28,0.0707
28113,28,0.0707
28115,28,0.0707
28117,28,0.0707
28119,28,0.0707
28121,28,0.0707
28123,28,0.0707
28125,28,0.0707
28127,28,0.0707
28129,28,0.0707
28131,28,0.0707
28133,28,0.0707
28135,28,0.0707
28137,28,0.0707
28139,28,0.0707
28141,28,0.0707
28143,28,0.0707
28145,28,0.0707
28147,28,0.0707
28149,28,0.0707
28151,28,0.0707
28153,28,0.0707
28155,28,0.0707
28157,28,0.0707
28159,28,0.0707
28161,28,0.0707
28163,28,0.0707
29001,29,0.0818
29003,29,0.0818
29005,29,0.0818
29007,29,0.0818
29009,29,0.0818
29011,29,0.0818
29013,29,0.0818
29015,29,0.0818
29017,29,0.0818
29019,29,0.0818
29021,29,0.0818
29023,29,0.0818
29025,29,0.0818
29027,29,0.0818
29029,29,0.0818
29031,29,0.0818
29033,29,0.0818
29035,29,0.0818
29037,29,0.0818
29039,29,0.0818
29041,29,0.0818
29043,29,0.0818
29045,29,0.0818
29047,29,0.0818
29049,29,0.0818
29051,29,0.0818
29053,29,0.0818
29055,29,0.0818
29057,29,0.0818
29059,29,0.0818
29061,29,0.0818
29063,29,0.0818
29065,29,0.0818
29067,29,0.0818
29069,29,0.0818
29071,29,0.0818
29073,29,0.0818
29075,29,0.0818
29077,29,0.0818
29079,29,0.0818
29081,29,0.0818
29083,29,0.0818
29085,29,0.0818
29087,29,0.0818
29089,29,0.0818
29091,29,0.0818
29093,29,0.0818
29095,29,0.0818
29097,29,0.0818
29099,29,0.0818
29101,29,0.0818
29103,29,0.0818
29105,29,0.0818
29107,29,0.0818
29109,29,0.0818
29111,29,0.0818
29113,29,0.0818
29115,29,0.0818
29117,29,0.0818
29119,29,0.0818
29121,29,0.0818
29123,29,0.0818
29125,29,0.0818
29127,29,0.0818
29129,29,0.0818
29131,29,0.0818
29133,29,0.0818
29135,29,0.0818
29137,29,0.0818
29139,29,0.0818
29141,29,0.0818
29143,29,0.0818
29145,29,0.0818
29147,29,0.0818
29149,29,0.0818
29151,29,0.0818
29153,29,0.0818
29155,29,0.0818
29157,29,0.0818
29159,29,0.0818
29161,29,0.0818
29163,29,0.0818
29165,29,0.0818
29167,29,0.0818
29169,29,0.0818
29171,29,0.0818
29173,29,0.0818
29175,29,0.0818
29177,29,0.0818
29179,29,0.0818
29181,29,0.0818
29183,29,0.0818
29185,29,0.0818
29186,29,0.0818
29187,29,0.0818
29189,29,0.0818
29195,29,0.0818
29197,29,0.0818
29199,29,0.0818
29201,29,0.0818
29203,29,0.0818
29205,29,0.0818
29207,29,0.0818
29209,29,0.0818
29211,29,0.0818
29213,29,0.0818
29215,29,0.0818
29217,29,0.0818
29219,29,0.0818
29221,29,0.0818
29223,29,0.0818
29225,29,0.0818
29227,29,0.0818
29229,29,0.0818
29510,29,0.0818
30001,30,0.0000
30003,30,0.0000
30005,30,0.0000
30007,30,0.0000
30009,30,0.0000
30011,30,0.0000
30013,30,0.0000
30015,30,0.0000
30017,30,0.0000
30019,30,0.0000
30021,30,0.0000
30023,30,0.0000
30025,30,0.0000
30027,30,0.0000
30029,30,0.0000
30031,30,0.0000
30033,30,0.0000
30035,30,0.0000
30037,30,0.0000
30039,30,0.0000
30041,30,0.0000
30043,30,0.0000
30045,30,0.0000
30047,30,0.0000
30049,30,0.0000
30051,30,0.0000
30053,30,0.0000
30055,30,0.0000
30057,30,0.0000
30059,30,0.0000
30061,30,0.0000
30063,30,0.0000
30065,30,0.0000
30067,30,0.0000
30069,30,0.0000
30071,30,0.0000
30073,30,0.0000
30075,30,0.0000
30077,30,0.0000
30079,30,0.0000
30081,30,0.0000
30083,30,0.0000
30085,30,0.0000
30087,30,0.0000
30089,30,0.0000
30091,30,0.0000
30093,30,0.0000
30095,30,0.0000
30097,30,0.0000
30099,30,0.0000
30101,30,0.0000
30103,30,0.0000
30105,30,0.0000
30107,30,0.0000
30109,30,0.0000
30111,30,0.0000
31001,31,0.0693
31003,31,0.0693
31005,31,0.0693
31007,31,0.0693
31009,31,0.0693
31011,31,0.0693
31013,31,0.0693
31015,31,0.0693
31017,31,0.0693
31019,31,0.0693
31021,31,0.0693
31023,31,0.0693
31025,31,0.0693
31027,31,0.0693
31029,31,0.0693
31031,31,0.0693
31033,31,0.0693
31035,31,0.0693
31037,31,0.0693
31039,31,0.0693
31041,31,0.0693
31043,31,0.0693
31045,31,0.0693
31047,31,0.0693
31049,31,0.0693
31051,31,0.0693
31053,31,0.0693
31055,31,0.0693
31057,31,0.0693
31059,31,0.0693
31061,31,0.0693
31063,31,0.0693
31065,31,0.0693
31067,31,0.0693
31069,31,0.0693
31071,31,0.0693
31073,31,0.0693
31075,31,0.0693
31077,31,0.0693
31079,31,0.0693
31081,31,0.0693
31083,31,0.0693
31085,31,0.0693
31087,31,0.0693
31089,31,0.0693
31091,31,0.0693
31093,31,0.0693
31095,31,0.0693
31097,31,0.0693
31099,31,0.0693
31101,31,0.0693
31103,31,0.0693
31105,31,0.0693
31107,31,0.0693
31109,31,0.0693
31111,31,0.0693
31113,31,0.0693
31115,31,0.0693
31117,31,0.0693
31119,31,0.0693
31121,31,0.0693
31123,31,0.0693
31125,31,0.0693
31127,31,0.0693
31129,31,0.0693
31131,31,0.0693
31133,31,0.0693
31135,31,0.0693
31137,31,0.0693
31139,31,0.0693
31141,31,0.0693
31143,31,0.0693
31145,31,0.0693
31147,31,0.0693
31149,31,0.0693
31151,31,0.0693
31153,31,0.0693
31155,31,0.0693
31157,31,0.0693
31159,31,0.0693
31161,31,0.0693
31163,31,0.0693
31165,31,0.0693
31167,31,0.0693
31169,31,0.0693
31171,31,0.0693
31173,31,0.0693
31175,31,0.0693
31177,31,0.0693
31179,31,0.0693
31181,31,0.0693
31183,31,0.0693
31185,31,0.0693
32001,32,0.0832
32003,32,0.0832
32005,32,0.0832
32007,32,0.0832
32009,32,0.0832
32011,32,0.0832
32013,32,0.0832
32015,32,0.0832
32017,32,0.0832
32019,32,0.0832
32021,32,0.0832
32023,32,0.0832
32027,32,0.0832
32029,32,0.0832
32031,32,0.0832
32033,32,0.0832
32510,32,0.0832
33001,33,0.0000
33003,33,0.0000
33005,33,0.0000
33007,33,0.0000
33009,33,0.0000
33011,33,0.0000
33013,33,0.0000
33015,33,0.0000
33017,33,0.0000
33019,33,0.0000
34001,34,0.0660
34003,34,0.0660
34005,34,0.0660
34007,34,0.0660
34009,34,0.0660
34011,34,0.0660
34013,34,0.0660
34015,34,0.0660
34017,34,0.0660
34019,34,0.0660
34021,34,0.0660
34023,34,0.0660
34025,34,0.0660
34027,34,0.0660
34029,34,0.0660
34031,34,0.0660
34033,34,0.0660
34035,34,0.0660
34037,34,0.0660
34039,34,0.0660
34041,34,0.0660
35001,35,0.0782
35003,35,0.0782
35005,35,0.0782
35006,35,0.0782
35007,35,0.0782
35009,35,0.0782
35011,35,0.0782
35013,35,0.0782
35015,35,0.0782
35017,35,0.0782
35019,35,0.0782
35021,35,0.0782
35023,35,0.0782
35025,35,0.0782
35027,35,0.0782
35028,35,0.0782
35029,35,0.0782
35031,35,0.0782
35033,35,0.0782
35035,35,0.0782
35037,35,0.0782
35039,35,0.0782
35041,35,0.0782
35043,35,0.0782
35045,35,0.0782
35047,35,0.0782
35049,35,0.0782
35051,35,0.0782
35053,35,0.0782
35055,35,0.0782
35057,35,0.0782
35059,35,0.0782
35061,35,0.0782
36001,36,0.0852
36003,36,0.0852
36005,36,0.0852
36007,36,0.0852
36009,36,0.0852
36011,36,0.0852
36013,36,0.0852
36015,36,0.0852
36017,36,0.0852
36019,36,0.0852
36021,36,0.0852
36023,36,0.0852
36025,36,0.0852
36027,36,0.0852
36029,36,0.0852
36031,36,0.0852
36033,36,0.0852
36035,36,0.0852
36037,36,0.0852
36039,36,0.0852
36041,36,0.0852
36043,36,0.0852
36045,36,0.0852
36047,36,0.0852
36049,36,0.0852
36051,36,0.0852
36053,36,0.0852
36055,36,0.0852
36057,36,0.0852
36059,36,0.0852
36061,36,0.0852
36063,36,0.0852
36065,36,0.0852
36067,36,0.0852
36069,36,0.0852
36071,36,0.0852
36073,36,0.0852
36075,36,0.0852
36077,36,0.0852
36079,36,0.0852
36081,36,0.0852
36083,36,0.0852
36085,36,0.0852
36087,36,0.0852
36089,36,0.0852
36091,36,0.0852
36093,36,0.0852
36095,36,0.0852
36097,36,0.0852
36099,36,0.0852
36101,36,0.0852
36103,36,0.0852
36105,36,0.0852
36107,36,0.0852
36109,36,0.0852
36111,36,0.0852
36113,36,0.0852
36115,36,0.0852
36117,36,0.0852
36119,36,0.0852
36121,36,0.0852
36123,36,0.0852
37001,37,0.0697
37003,37,0.0697
37005,37,0.0697
37007,37,0.0697
37009,37,0.0697
37011,37,0.0697
37013,37,0.0697
37015,37,0.0697
37017,37,0.0697
37019,37,0.0697
37021,37,0.0697
37023,37,0.0697
37025,37,0.0697
37027,37,0.0697
37029,37,0.0697
37031,37,0.0697
37033,37,0.0697
37035,37,0.0697
37037,37,0.0697
37039,37,0.0697
37041,37,0.0697
37043,37,0.0697
37045,37,0.0697
37047,37,0.0697
37049,37,0.0697
37051,37,0.0697
37053,37,0.0697
37055,37,0.0697
37057,37,0.0697
37059,37,0.0697
37061,37,0.0697
37063,37,0.0697
37065,37,0.0697
37067,37,0.0697
37069,37,0.0697
37071,37,0.0697
37073,37,0.0697
37075,37,0.0697
37077,37,0.0697
37079,37,0.0697
37081,37,0.0697
37083,37,0.0697
37085,37,0.0697
37087,37,0.0697
37089,37,0.0697
37091,37,0.0697
37093,37,0.0697
37095,37,0.0697
37097,37,0.0697
37099,37,0.0697
37101,37,0.0697
37103,37,0.0697
37105,37,0.0697
37107,37,0.0697
37109,37,0.0697
37111,37,0.0697
37113,37,0.0697
37115,37,0.0697
37117,37,0.0697
37119,37,0.0697
37121,37,0.0697
37123,37,0.0697
37125,37,0.0697
37127,37,0.0697
37129,37,0.0697
37131,37,0.0697
37133,37,0.0697
37135,37,0.0697
37137,37,0.0697
37139,37,0.0697
37141,37,0.0697
37143,37,0.0697
37145,37,0.0697
37147,37,0.0697
37149,37,0.0697
37151,37,0.0697
37153,37,0.0697
37155,37,0.0697
37157,37,0.0697
37159,37,0.0697
37161,37,0.0697
37163,37,0.0697
37165,37,0.0697
37167,37,0.0697
37169,37,0.0697
37171,37,0.0697
37173,37,0.0697
37175,37,0.0697
37177,37,0.0697
37179,37,0.0697
37181,37,0.0697
37183,37,0.0697
37185,37,0.0697
37187,37,0.0697
37189,37,0.0697
37191,37,0.0697
37193,37,0.0697
37195,37,0.0697
37197,37,0.0697
37199,37,0.0697
38001,38,0.0686
38003,38,0.0686
38005,38,0.0686
38007,38,0.0686
38009,38,0.0686
38011,38,0.0686
38013,38,0.0686
38015,38,0.0686
38017,38,0.0686
38019,38,0.0686
38021,38,0.0686
38023,38,0.0686
38025,38,0.0686
38027,38,0.0686
38029,38,0.0686
38031,38,0.0686
38033,38,0.0686
38035,38,0.0686
38037,38,0.0686
38039,38,0.0686
38041,38,0.0686
38043,38,0.0686
38045,38,0.0686
38047,38,0.0686
38049,38,0.0686
38051,38,0.0686
38053,38,0.0686
38055,38,0.0686
38057,38,0.0686
38059,38,0.0686
38061,38,0.0686
38063,38,0.0686
38065,38,0.0686
38067,38,0.0686
38069,38,0.0686
38071,38,0.0686
38073,38,0.0686
38075,38,0.0686
38077,38,0.0686
38079,38,0.0686
38081,38,0.0686
38083,38,0.0686
38085,38,0.0686
38087,38,0.0686
38089,38,0.0686
38091,38,0.0686
38093,38,0.0686
38095,38,0.0686
38097,38,0.0686
38099,38,0.0686
38101,38,0.0686
38103,38,0.0686
38105,38,0.0686
39001,39,0.0717
39003,39,0.0717
39005,39,0.0717
39007,39,0.0717
39009,39,0.0717
39011,39,0.0717
39013,39,0.0717
39015,39,0.0717
39017,39,0.0717
39019,39,0.0717
39021,39,0.0717
39023,39,0.0717
39025,39,0.0717
39027,39,0.0717
39029,39,0.0717
39031,39,0.0717
39033,39,0.0717
39035,39,0.0717
39037,39,0.0717
39039,39,0.0717
39041,39,0.0717
39043,39,0.0717
39045,39,0.0717
39047,39,0.0717
39049,39,0.0717
39051,39,0.0717
39053,39,0.0717
39055,39,0.0717
39057,39,0.0717
39059,39,0.0717
39061,39,0.0717
39063,39,0.0717
39065,39,0.0717
39067,39,0.0717
39069,39,0.0717
39071,39,0.0717
39073,39,0.0717
39075,39,0.0717
39077,39,0.0717
39079,39,0.0717
39081,39,0.0717
39083,39,0.0717
39085,39,0.0717
39087,39,0.0717
39089,39,0.0717
39091,39,0.0717
39093,39,0.0717
39095,39,0.0717
39097,39,0.0717
39099,39,0.0717
39101,39,0.0717
39103,39,0.0717
39105,39,0.0717
39107,39,0.0717
39109,39,0.0717
39111,39,0.0717
39113,39,0.0717
39115,39,0.0717
39117,39,0.0717
39119,39,0.0717
39121,39,0.0717
39123,39,0.0717
39125,39,0.0717
39127,39,0.0717
39129,39,0.0717
39131,39,0.0717
39133,39,0.0717
39135,39,0.0717
39137,39,0.0717
39139,39,0.0717
39141,39,0.0717
39143,39,0.0717
39145,39,0.0717
39147,39,0.0717
39149,39,0.0717
39151,39,0.0717
39153,39,0.0717
39155,39,0.0717
39157,39,0.0717
39159,39,0.0717
39161,39,0.0717
39163,39,0.0717
39165,39,0.0717
39167,39,0.0717
39169,39,0.0717
39171,39,0.0717
39173,39,0.0717
39175,39,0.0717
40001,40,0.0894
40003,40,0.0894
40005,40,0.0894
40007,40,0.0894
40009,40,0.0894
40011,40,0.0894
40013,40,0.0894
40015,40,0.0894
40017,40,0.0894
40019,40,0.0894
40021,40,0.0894
40023,40,0.0894
40025,40,0.0894
40027,40,0.0894
40029,40,0.0894
40031,40,0.0894
40033,40,0.0894
40035,40,0.0894
40037,40,0.0894
40039,40,0.0894
40041,40,0.0894
40043,40,0.0894
40045,40,0.0894
40047,40,0.0894
40049,40,0.0894
40051,40,0.0894
40053,40,0.0894
40055,40,0.0894
40057,40,0.0894
40059,40,0.0894
40061,40,0.0894
40063,40,0.0894
40065,40,0.0894
40067,40,0.0894
40069,40,0.0894
40071,40,0.0894
40073,40,0.0894
40075,40,0.0894
40077,40,0.0894
40079,40,0.0894
40081,40,0.0894
40083,40,0.0894
40085,40,0.0894
40087,40,0.0894
40089,40,0.0894
40091,40,0.0894
40093,40,0.0894
40095,40,0.0894
40097,40,0.0894
40099,40,0.0894
40101,40,0.0894
40103,40,0.0894
40105,40,0.0894
40107,40,0.0894
40109,40,0.0894
40111,40,0.0894
40113,40,0.0894
40115,40,0.0894
40117,40,0.0894
40119,40,0.0894
40121,40,0.0894
40123,40,0.0894
40125,40,0.0894
40127,40,0.0894
40129,40,0.0894
40131,40,0.0894
40133,40,0.0894
40135,40,0.0894
40137,40,0.0894
40139,40,0.0894
40141,40,0.0894
40143,40,0.0894
40145,40,0.0894
40147,40,0.0894
40149,40,0.0894
40151,40,0.0894
40153,40,0.0894
41001,41,0.0000
41003,41,0.0000
41005,41,0.0000
41007,41,0.0000
41009,41,0.0000
41011,41,0.0000
41013,41,0.0000
41015,41,0.0000
41017,41,0.0000
41019,41,0.0000
41021,41,0.0000
41023,41,0.0000
41025,41,0.0000
41027,41,0.0000
41029,41,0.0000
41031,41,0.0000
41033,41,0.0000
41035,41,0.0000
41037,41,0.0000
41039,41,0.0000
41041,41,0.0000
41043,41,0.0000
41045,41,0.0000
41047,41,0.0000
41049,41,0.0000
41051,41,0.0000
41053,41,0.0000
41055,41,0.0000
41057,41,0.0000
41059,41,0.0000
41061,41,0.0000
41063,41,0.0000
41065,41,0.0000
41067,41,0.0000
41069,41,0.0000
41071,41,0.0000
42001,42,0.0634
42003,42,0.0634
42005,42,0.0634
42007,42,0.0634
42009,42,0.0634
42011,42,0.0634
42013,42,0.0634
42015,42,0.0634
42017,42,0.0634
42019,42,0.0634
42021,42,0.0634
42023,42,0.0634
42025,42,0.0634
42027,42,0.0634
42029,42,0.0634
42031,42,0.0634
42033,42,0.0634
42035,42,0.0634
42037,42,0.0634
42039,42,0.0634
42041,42,0.0634
42043,42,0.0634
42045,42,0.0634
42047,42,0.0634
42049,42,0.0634
42051,42,0.0634
42053,42,0.0634
42055,42,0.0634
42057,42,0.0634
42059,42,0.0634
42061,42,0.0634
42063,42,0.0634
42065,42,0.0634
42067,42,0.0634
42069,42,0.0634
42071,42,0.0634
42073,42,0.0634
42075,42,0.0634
42077,42,0.0634
42079,42,0.0634
42081,42,0.0634
42083,42,0.0634
42085,42,0.0634
42087,42,0.0634
42089,42,0.0634
42091,42,0.0634
42093,42,0.0634
42095,42,0.0634
42097,42,0.0634
42099,42,0.0634
42101,42,0.0634
42103,42,0.0634
42105,42,0.0634
42107,42,0.0634
42109,42,0.0634
42111,42,0.0634
42113,42,0.0634
42115,42,0.0634
42117,42,0.0634
42119,42,0.0634
42121,42,0.0634
42123,42,0.0634
42125,42,0.0634
42127,42,0.0634
42129,42,0.0634
42131,42,0.0634
42133,42,0.0634
44001,44,0.0700
44003,44,0.0700
44005,44,0.0700
44007,44,0.0700
44009,44,0.0700
45001,45,0.0746
45003,45,0.0746
45005,45,0.0746
45007,45,0.0746
45009,45,0.0746
45011,45,0.0746
45013,45,0.0746
45015,45,0.0746
45017,45,0.0746
45019,45,0.0746
45021,45,0.0746
45023,45,0.0746
45025,45,0.0746
45027,45,0.0746
45029,45,0.0746
45031,45,0.0746
45033,45,0.0746
45035,45,0.0746
45037,45,0.0746
45039,45,0.0746
45041,45,0.0746
45043,45,0.0746
45045,45,0.0746
45047,45,0.0746
45049,45,0.0746
45051,45,0.0746
45053,45,0.0746
45055,45,0.0746
45057,45,0.0746
45059,45,0.0746
45061,45,0.0746
45063,45,0.0746
45065,45,0.0746
45067,45,0.0746
45069,45,0.0746
45071,45,0.0746
45073,45,0.0746
45075,45,0.0746
45077,45,0.0746
45079,45,0.0746
45081,45,0.0746
45083,45,0.0746
45085,45,0.0746
45087,45,0.0746
45089,45,0.0746
45091,45,0.0746
46003,46,0.0640
46005,46,0.0640
46007,46,0.0640
46009,46,0.0640
46011,46,0.0640
46013,46,0.0640
46015,46,0.0640
46017,46,0.0640
46019,46,0.0640
46021,46,0.0640
46023,46,0.0640
46025,46,0.0640
46027,46,0.0640
46029,46,0.0640
46031,46,0.0640
46033,46,0.0640
46035,46,0.0640
46037,46,0.0640
46039,46,0.0640
46041,46,0.0640
46043,46,0.0640
46045,46,0.0640
46047,46,0.0640
46049,46,0.0640
46051,46,0.0640
46053,46,0.0640
46055,46,0.0640
46057,46,0.0640
46059,46,0.0640
46061,46,0.0640
46063,46,0.0640
46065,46,0.0640
46067,46,0.0640
46069,46,0.0640
46071,46,0.0640
46073,46,0.0640
46075,46,0.0640
46077,46,0.0640
46079,46,0.0640
46081,46,0.0640
46083,46,0.0640
46085,46,0.0640
46087,46,0.0640
46089,46,0.0640
46091,46,0.0640
46093,46,0.0640
46095,46,0.0640
46097,46,0.0640
46099,46,0.0640
46101,46,0.0640
46103,46,0.0640
46105,46,0.0640
46107,46,0.0640
46109,46,0.0640
46111,46,0.0640
46113,46,0.0640
46115,46,0.0640
46117,46,0.0640
46119,46,0.0640
46121,46,0.0640
46123,46,0.0640
46125,46,0.0640
46127,46,0.0640
46129,46,0.0640
46135,46,0.0640
46137,46,0.0640
47001,47,0.0953
47003,47,0.0953
47005,47,0.0953
47007,47,0.0953
47009,47,0.0953
47011,47,0.0953
47013,47,0.0953
47015,47,0.0953
47017,47,0.0953
47019,47,0.0953
47021,47,0.0953
47023,47,0.0953
47025,47,0.0953
47027,47,0.0953
47029,47,0.0953
47031,47,0.0953
47033,47,0.0953
47035,47,0.0953
47037,47,0.0953
47039,47,0.0953
47041,47,0.0953
47043,47,0.0953
47045,47,0.0953
47047,47,0.0953
47049,47,0.0953
47051,47,0.0953
47053,47,0.0953
47055,47,0.0953
47057,47,0.0953
47059,47,0.0953
47061,47,0.0953
47063,47,0.0953
47065,47,0.0953
47067,47,0.0953
47069,47,0.0953
47071,47,0.0953
47073,47,0.0953
47075,47,0.0953
47077,47,0.0953
47079,47,0.0953
47081,47,0.0953
47083,47,0.0953
47085,47,0.0953
47087,47,0.0953
47089,47,0.0953
47091,47,0.0953
47093,47,0.0953
47095,47,0.0953
47097,47,0.0953
47099,47,0.0953
47101,47,0.0953
47103,47,0.0953
47105,47,0.0953
47107,47,0.0953
47109,47,0.0953
47111,47,0.0953
47113,47,0.0953
47115,47,0.0953
47117,47,0.0953
47119,47,0.0953
47121,47,0.0953
47123,47,0.0953
47125,47,0.0953
47127,47,0.0953
47129,47,0.0953
47131,47,0.0953
47133,47,0.0953
47135,47,0.0953
47137,47,0.0953
47139,47,0.0953
47141,47,0.0953
47143,47,0.0953
47145,47,0.0953
47147,47,0.0953
47149,47,0.0953
47151,47,0.0953
47153,47,0.0953
47155,47,0.0953
47157,47,0.0953
47159,47,0.0953
47161,47,0.0953
47163,47,0.0953
47165,47,0.0953
47167,47,0.0953
47169,47,0.0953
47171,47,0.0953
47173,47,0.0953
47175,47,0.0953
47177,47,0.0953
47179,47,0.0953
47181,47,0.0953
47183,47,0.0953
47185,47,0.0953
47187,47,0.0953
47189,47,0.0953
48001,48,0.0819
48003,48,0.0819
48005,48,0.0819
48007,48,0.0819
48009,48,0.0819
48011,48,0.0819
48013,48,0.0819
48015,48,0.0819
48017,48,0.0819
48019,48,0.0819
48021,48,0.0819
48023,48,0.0819
48025,48,0.0819
48027,48,0.0819
48029,48,0.0819
48031,48,0.0819
48033,48,0.0819
48035,48,0.0819
48037,48,0.0819
48039,48,0.0819
48041,48,0.0819
48043,48,0.0819
48045,48,0.0819
48047,48,0.0819
48049,48,0.0819
48051,48,0.0819
48053,48,0.0819
48055,48,0.0819
48057,48,0.0819
48059,48,0.0819
48061,48,0.0819
48063,48,0.0819
48065,48,0.0819
48067,48,0.0819
48069,48,0.0819
48071,48,0.0819
48073,48,0.0819
48075,48,0.0819
48077,48,0.0819
48079,48,0.0819
48081,48,0.0819
48083,48,0.0819
48085,48,0.0819
48087,48,0.0819
48089,48,0.0819
48091,48,0.0819
48093,48,0.0819
48095,48,0.0819
48097,48,0.0819
48099,48,0.0819
48101,48,0.0819
48103,48,0.0819
48105,48,0.0819
48107,48,0.0819
48109,48,0.0819
48111,48,0.0819
48113,48,0.0819
48115,48,0.0819
48117,48,0.0819
48119,48,0.0819
48121,48,0.0819
48123,48,0.0819
48125,48,0.0819
48127,48,0.0819
48129,48,0.0819
48131,48,0.0819
48133,48,0.0819
48135,48,0.0819
48137,48,0.0819
48139,48,0.0819
48141,48,0.0819
48143,48,0.0819
48145,48,0.0819
48147,48,0.0819
48149,48,0.0819
48151,48,0.0819
48153,48,0.0819
48155,48,0.0819
48157,48,0.0819
48159,48,0.0819
48161,48,0.0819
48163,48,0.0819
48165,48,0.0819
48167,48,0.0819
48169,48,0.0819
48171,48,0.0819
48173,48,0.0819
48175,48,0.0819
48177,48,0.0819
48179,48,0.0819
48181,48,0.0819
48183,48,0.0819
48185,48,0.0819
48187,48,0.0819
48189,48,0.0819
48191,48,0.0819
48193,48,0.0819
48195,48,0.0819
48197,48,0.0819
48199,48,0.0819
48201,48,0.0819
48203,48,0.0819
48205,48,0.0819
48207,48,0.0819
48209,48,0.0819
48211,48,0.0819
48213,48,0.0819
48215,48,0.0819
48217,48,0.0819
48219,48,0.0819
48221,48,0.0819
48223,48,0.0819
48225,48,0.0819
48227,48,0.0819
48229,48,0.0819
48231,48,0.0819
48233,48,0.0819
48235,48,0.0819
48237,48,0.0819
48239,48,0.0819
48241,48,0.0819
48243,48,0.0819
48245,48,0.0819
48247,48,0.0819
48249,48,0.0819
48251,48,0.0819
48253,48,0.0819
48255,48,0.0819
48257,48,0.0819
48259,48,0.0819
48261,48,0.0819
48263,48,0.0819
48265,48,0.0819
48267,48,0.0819
48269,48,0.0819
48271,48,0.0819
48273,48,0.0819
48275,48,0.0819
48277,48,0.0819
48279,48,0.0819
48281,48,0.0819
48283,48,0.0819
48285,48,0.0819
48287,48,0.0819
48289,48,0.0819
48291,48,0.0819
48293,48,0.0819
48295,48,0.0819
48297,48,0.0819
48299,48,0.0819
48301,48,0.0819
48303,48,0.0819
48305,48,0.0819
48307,48,0.0819
48309,48,0.0819
48311,48,0.0819
48313,48,0.0819
48315,48,0.0819
48317,48,0.0819
48319,48,0.0819
48321,48,0.0819
48323,48,0.0819
48325,48,0.0819
48327,48,0.0819
48329,48,0.0819
48331,48,0.0819
48333,48,0.0819
48335,48,0.0819
48337,48,0.0819
48339,48,0.0819
48341,48,0.0819
48343,48,0.0819
48345,48,0.0819
48347,48,0.0819
48349,48,0.0819
48351,48,0.0819
48353,48,0.0819
48355,48,0.0819
48357,48,0.0819
48359,48,0.0819
48361,48,0.0819
48363,48,0.0819
48365,48,0.0819
48367,48,0.0819
48369,48,0.0819
48371,48,0.0819
48373,48,0.0819
48375,48,0.0819
48377,48,0.0819
48379,48,0.0819
48381,48,0.0819
48383,48,0.0819
48385,48,0.0819
48387,48,0.0819
48389,48,0.0819
48391,48,0.0819
48393,48,0.0819
48395,48,0.0819
48397,48,0.0819
48399,48,0.0819
48401,48,0.0819
48403,48,0.0819
48405,48,0.0819
48407,48,0.0819
48409,48,0.0819
48411,48,0.0819
48413,48,0.0819
48415,48,0.0819
48417,48,0.0819
48419,48,0.0819
48421,48,0.0819
48423,48,0.0819
48425,48,0.0819
48427,48,0.0819
48429,48,0.0819
48431,48,0.0819
48433,48,0.0819
48435,48,0.0819
48437,48,0.0819
48439,48,0.0819
48441,48,0.0819
48443,48,0.0819
48445,48,0.0819
48447,48,0.0819
48449,48,0.0819
48451,48,0.0819
48453,48,0.0819
48455,48,0.0819
48457,48,0.0819
48459,48,0.0819
48461,48,0.0819
48463,48,0.0819
48465,48,0.0819
48467,48,0.0819
48469,48,0.0819
48471,48,0.0819
48473,48,0.0819
48475,48,0.0819
48477,48,0.0819
48479,48,0.0819
48481,48,0.0819
48483,48,0.0819
48485,48,0.0819
48487,48,0.0819
48489,48,0.0819
48491,48,0.0819
48493,48,0.0819
48495,48,0.0819
48497,48,0.0819
48499,48,0.0819
48501,48,0.0819
48503,48,0.0819
48505,48,0.0819
48507,48,0.0819
49001,49,0.0718
49003,49,0.0718
49005,49,0.0718
49007,49,0.0718
49009,49,0.0718
49011,49,0.0718
49013,49,0.0718
49015,49,0.0718
49017,49,0.0718
49019,49,0.0718
49021,49,0.0718
49023,49,0.0718
49025,49,0.0718
49027,49,0.0718
49029,49,0.0718
49031,49,0.0718
49033,49,0.0718
49035,49,0.0718
49037,49,0.0718
49039,49,0.0718
49041,49,0.0718
49043,49,0.0718
49045,49,0.0718
49047,49,0.0718
49049,49,0.0718
49051,49,0.0718
49053,49,0.0718
49055,49,0.0718
49057,49,0.0718
50001,50,0.0622
50003,50,0.0622
50005,50,0.0622
50007,50,0.0622
50009,50,0.0622
50011,50,0.0622
50013,50,0.0622
50015,50,0.0622
50017,50,0.0622
50019,50,0.0622
50021,50,0.0622
50023,50,0.0622
50025,50,0.0622
50027,50,0.0622
51001,51,0.0565
51003,51,0.0565
51005,51,0.0565
51007,51,0.0565
51009,51,0.0565
51011,51,0.0565
51013,51,0.0565
51015,51,0.0565
51017,51,0.0565
51019,51,0.0565
51021,51,0.0565
51023,51,0.0565
51025,51,0.0565
51027,51,0.0565
51029,51,0.0565
51031,51,0.0565
51033,51,0.0565
51035,51,0.0565
51036,51,0.0565
51037,51,0.0565
51041,51,0.0565
51043,51,0.0565
51045,51,0.0565
51047,51,0.0565
51049,51,0.0565
51051,51,0.0565
51053,51,0.0565
51057,51,0.0565
51059,51,0.0565
51061,51,0.0565
51063,51,0.0565
51065,51,0.0565
51067,51,0.0565
51069,51,0.0565
51071,51,0.0565
51073,51,0.0565
51075,51,0.0565
51077,51,0.0565
51079,51,0.0565
51081,51,0.0565
51083,51,0.0565
51085,51,0.0565
51087,51,0.0565
51089,51,0.0565
51091,51,0.0565
51093,51,0.0565
51095,51,0.0565
51097,51,0.0565
51099,51,0.0565
51101,51,0.0565
51103,51,0.0565
51105,51,0.0565
51107,51,0.0565
51109,51,0.0565
51111,51,0.0565
51113,51,0.0565
51115,51,0.0565
51117,51,0.0565
51119,51,0.0565
51121,51,0.0565
51125,51,0.0565
51127,51,0.0565
51131,51,0.0565
51133,51,0.0565
51135,51,0.0565
51137,51,0.0565
51139,51,0.0565
51141,51,0.0565
51143,51,0.0565
51145,51,0.0565
51147,51,0.0565
51149,51,0.0565
51153,51,0.0565
51155,51,0.0565
51157,51,0.0565
51159,51,0.0565
51161,51,0.0565
51163,51,0.0565
51165,51,0.0565
51167,51,0.0565
51169,51,0.0565
51171,51,0.0565
51173,51,0.0565
51175,51,0.0565
51177,51,0.0565
51179,51,0.0565
51181,51,0.0565
51183,51,0.0565
51185,51,0.0565
51187,51,0.0565
51191,51,0.0565
51193,51,0.0565
51195,51,0.0565
51197,51,0.0565
51199,51,0.0565
51510,51,0.0565
51515,51,0.0565
51520,51,0.0565
51530,51,0.0565
51540,51,0.0565
51550,51,0.0565
51570,51,0.0565
51580,51,0.0565
51590,51,0.0565
51595,51,0.0565
51600,51,0.0565
51610,51,0.0565
51620,51,0.0565
51630,51,0.0565
51640,51,0.0565
51650,51,0.0565
51660,51,0.0565
51670,51,0.0565
51678,51,0.0565
51680,51,0.0565
51683,51,0.0565
51685,51,0.0565
51690,51,0.0565
51700,51,0.0565
51710,51,0.0565
51720,51,0.0565
51730,51,0.0565
51735,51,0.0565
51740,51,0.0565
51750,51,0.0565
51760,51,0.0565
51770,51,0.0565
51775,51,0.0565
51790,51,0.0565
51800,51,0.0565
51810,51,0.0565
51820,51,0.0565
51830,51,0.0565
51840,51,0.0565
53001,53,0.0921
53003,53,0.0921
53005,53,0.0921
53007,53,0.0921
53009,53,0.0921
53011,53,0.0921
53013,53,0.0921
53015,53,0.0921
53017,53,0.0921
53019,53,0.0921
53021,53,0.0921
53023,53,0.0921
53025,53,0.0921
53027,53,0.0921
53029,53,0.0921
53031,53,0.0921
53033,53,0.0921
53035,53,0.0921
53037,53,0.0921
53039,53,0.0921
53041,53,0.0921
53043,53,0.0921
53045,53,0.0921
53047,53,0.0921
53049,53,0.0921
53051,53,0.0921
53053,53,0.0921
53055,53,0.0921
53057,53,0.0921
53059,53,0.0921
53061,53,0.0921
53063,53,0.0921
53065,53,0.0921
53067,53,0.0921
53069,53,0.0921
53071,53,0.0921
53073,53,0.0921
53075,53,0.0921
53077,53,0.0921
54001,54,0.0641
54003,54,0.0641
54005,54,0.0641
54007,54,0.0641
54009,54,0.0641
54011,54,0.0641
54013,54,0.0641
54015,54,0.0641
54017,54,0.0641
54019,54,0.0641
54021,54,0.0641
54023,54,0.0641
54025,54,0.0641
54027,54,0.0641
54029,54,0.0641
54031,54,0.0641
54033,54,0.0641
54035,54,0.0641
54037,54,0.0641
54039,54,0.0641
54041,54,0.0641
54043,54,0.0641
54045,54,0.0641
54047,54,0.0641
54049,54,0.0641
54051,54,0.0641
54053,54,0.0641
54055,54,0.0641
54057,54,0.0641
54059,54,0.0641
54061,54,0.0641
54063,54,0.0641
54065,54,0.0641
54067,54,0.0641
54069,54,0.0641
54071,54,0.0641
54073,54,0.0641
54075,54,0.0641
54077,54,0.0641
54079,54,0.0641
54081,54,0.0641
54083,54,0.0641
54085,54,0.0641
54087,54,0.0641
54089,54,0.0641
54091,54,0.0641
54093,54,0.0641
54095,54,0.0641
54097,54,0.0641
54099,54,0.0641
54101,54,0.0641
54103,54,0.0641
54105,54,0.0641
54107,54,0.0641
54109,54,0.0641
55001,55,0.0546
55003,55,0.0546
55005,55,0.0546
55007,55,0.0546
55009,55,0.0546
55011,55,0.0546
55013,55,0.0546
55015,55,0.0546
55017,55,0.0546
55019,55,0.0546
55021,55,0.0546
55023,55,0.0546
55025,55,0.0546
55027,55,0.0546
55029,55,0.0546
55031,55,0.0546
55033,55,0.0546
55035,55,0.0546
55037,55,0.0546
55039,55,0.0546
55041,55,0.0546
55043,55,0.0546
55045,55,0.0546
55047,55,0.0546
55049,55,0.0546
55051,55,0.0546
55053,55,0.0546
55055,55,0.0546
55057,55,0.0546
55059,55,0.0546
55061,55,0.0546
55063,55,0.0546
55065,55,0.0546
55067,55,0.0546
55069,55,0.0546
55071,55,0.0546
55073,55,0.0546
55075,55,0.0546
55077,55,0.0546
55078,55,0.0546
55079,55,0.0546
55081,55,0.0546
55083,55,0.0546
55085,55,0.0546
55087,55,0.0546
55089,55,0.0546
55091,55,0.0546
55093,55,0.0546
55095,55,0.0546
55097,55,0.0546
55099,55,0.0546
55101,55,0.0546
55103,55,0.0546
55105,55,0.0546
55107,55,0.0546
55109,55,0.0546
55111,55,0.0546
55113,55,0.0546
55115,55,0.0546
55117,55,0.0546
55119,55,0.0546
55121,55,0.0546
55123,55,0.0546
55125,55,0.0546
55127,55,0.0546
55129,55,0.0546
55131,55,0.0546
55133,55,0.0546
55135,55,0.0546
55137,55,0.0546
55139,55,0.0546
55141,55,0.0546
56001,56,0.0534
56003,56,0.0534
56005,56,0.0534
56007,56,0.0534
56009,56,0.0534
56011,56,0.0534
56013,56,0.0534
56015,56,0.0534
56017,56,0.0534
56019,56,0.0534
56021,56,0.0534
56023,56,0.0534
56025,56,0.0534
56027,56,0.0534
56029,56,0.0534
56031,56,0.0534
56033,56,0.0534
56035,56,0.0534
56037,56,0.0534
56039,56,0.0534
56041,56,0.0534
56043,56,0.0534
56045,56,0.0534